<?xml version="1.0" encoding="UTF-8"?>
<project-private xmlns="http://www.netbeans.org/ns/project-private/1">
    <editor-bookmarks xmlns="http://www.netbeans.org/ns/editor-bookmarks/2" lastBookmarkId="0"/>
    <open-files xmlns="http://www.netbeans.org/ns/projectui-open-files/2">
        <group>
            <file>file:/opt/lampp/htdocs/basic/views/category/_form.php</file>
            <file>file:/opt/lampp/htdocs/basic/controllers/UserController.php</file>
            <file>file:/opt/lampp/htdocs/basic/models/User.php</file>
            <file>file:/opt/lampp/htdocs/basic/views/user/_form.php</file>
            <file>file:/opt/lampp/htdocs/basic/views/user/index.php</file>
        </group>
    </open-files>
</project-private>
